{
  "family": "linear",
  "conservation_score": 6.382399533322314e-06,
  "Q_variance": 1183.9503173828125,
  "local_q_variance": 0.999990701675415,
  "mean_abs_delta_Q": 0.01900600455701351
}