{
  "family": "linear",
  "conservation_score": 4.18167510360945e-05,
  "Q_variance": 491.3228454589844,
  "local_q_variance": 0.9999576807022095,
  "mean_abs_delta_Q": 0.03148922324180603
}