family,conservation_score,Q_variance,local_q_variance,mean_abs_delta_Q
linear,4.18167510360945e-05,491.3228454589844,0.9999576807022095,0.03148922324180603
