{
  "family": "linear",
  "radius": 2,
  "continuity_residual_mse": 0.0239794310182333,
  "rho_variance": 0.999988317489624,
  "J_variance": 0.9999948143959045,
  "mean_abs_residual": 0.11186374723911285,
  "is_minimal_useful": true
}