{
  "family": "linear",
  "slowness_score": 0.01617097668349743,
  "raw_variance": 2574.869384765625,
  "mean_abs_delta": 0.10027383267879486
}