family,slowness_score,raw_variance,mean_abs_delta
linear,0.01617097668349743,2574.869384765625,0.10027383267879486
mlp,0.020190736278891563,32.38020324707031,0.0798928439617157
