{
  "family": "linear",
  "slowness_score": 0.004136214032769203,
  "raw_variance": 412.1521301269531,
  "mean_abs_delta": 0.04860831797122955
}