family,slowness_score,raw_variance,mean_abs_delta
linear,0.004136214032769203,412.1521301269531,0.04860831797122955
